id,prediction
test_0001,0
test_0002,0
test_0003,0
test_0004,0
test_0005,0
test_0006,0
test_0007,0
test_0008,0
test_0009,0
test_0010,0
test_0011,0
test_0012,0
test_0013,0
test_0014,0
test_0015,0
test_0016,0
test_0017,0
test_0018,0
test_0019,0
test_0020,0
test_0021,0
test_0022,0
test_0023,0
test_0024,0
test_0025,0
test_0026,0
test_0027,0
test_0028,0
test_0029,0
test_0030,0
test_0031,0
test_0032,0
test_0033,0
test_0034,0
test_0035,0
test_0036,0
test_0037,0
test_0038,0
test_0039,0
test_0040,0
test_0041,0
test_0042,0
test_0043,0
test_0044,0
test_0045,0
test_0046,0
test_0047,0
test_0048,0
test_0049,0
test_0050,0
test_0051,0
test_0052,0
test_0053,0
test_0054,0
test_0055,0
test_0056,0
test_0057,0
test_0058,0
test_0059,0
test_0060,0
test_0061,0
test_0062,0
test_0063,0
test_0064,0
test_0065,0
test_0066,0
test_0067,0
test_0068,0
test_0069,0
test_0070,0
test_0071,0
test_0072,0
test_0073,0
test_0074,0
test_0075,0
test_0076,0
test_0077,0
test_0078,0
test_0079,0
test_0080,0
test_0081,0
test_0082,0
test_0083,0
test_0084,0
test_0085,0
test_0086,0
test_0087,0
test_0088,0
test_0089,0
test_0090,0
test_0091,0
test_0092,0
test_0093,0
test_0094,0
test_0095,0
test_0096,0
test_0097,0
test_0098,0
test_0099,0
test_0100,0
test_0101,0
test_0102,0
test_0103,0
test_0104,0
test_0105,0
test_0106,0
test_0107,0
test_0108,0
test_0109,0
test_0110,0
test_0111,0
test_0112,0
test_0113,0
test_0114,0
test_0115,0
test_0116,0
test_0117,0
test_0118,0
test_0119,0
test_0120,0
test_0121,0
test_0122,0
test_0123,0
test_0124,0
test_0125,0
test_0126,0
test_0127,0
test_0128,0
test_0129,0
test_0130,0
test_0131,0
test_0132,0
test_0133,0
test_0134,0
test_0135,0
test_0136,0
test_0137,0
test_0138,0
test_0139,0
test_0140,0
test_0141,0
test_0142,0
test_0143,0
test_0144,0
test_0145,0
test_0146,0
test_0147,0
test_0148,0
test_0149,0
test_0150,0
test_0151,0
test_0152,0
test_0153,0
test_0154,0
test_0155,0
test_0156,0
test_0157,0
test_0158,0
test_0159,0
test_0160,0
test_0161,0
test_0162,0
test_0163,0
test_0164,0
test_0165,0
test_0166,0
test_0167,0
test_0168,0
test_0169,0
test_0170,0
test_0171,0
test_0172,0
test_0173,0
test_0174,0
test_0175,0
test_0176,0
test_0177,0
test_0178,0
test_0179,0
test_0180,0
test_0181,0
test_0182,0
test_0183,0
test_0184,0
test_0185,0
test_0186,0
test_0187,0
test_0188,0
test_0189,0
test_0190,0
test_0191,0
test_0192,0
test_0193,0
test_0194,0
test_0195,0
test_0196,0
test_0197,0
test_0198,0
test_0199,0
test_0200,0
test_0201,0
test_0202,0
test_0203,0
test_0204,0
test_0205,0
test_0206,0
test_0207,0
test_0208,0
test_0209,0
test_0210,0
test_0211,0
test_0212,0
test_0213,0
test_0214,0
test_0215,0
test_0216,0
test_0217,0
test_0218,0
test_0219,0
test_0220,0
test_0221,0
test_0222,0
test_0223,0
test_0224,0
test_0225,0
test_0226,0
test_0227,0
test_0228,0
test_0229,0
test_0230,0
test_0231,0
test_0232,0
test_0233,0
test_0234,0
test_0235,0
test_0236,0
test_0237,0
test_0238,0
test_0239,0
test_0240,0
test_0241,0
test_0242,0
test_0243,0
test_0244,0
test_0245,0
test_0246,0
test_0247,0
test_0248,0
test_0249,0
test_0250,0
test_0251,0
test_0252,0
test_0253,0
test_0254,0
test_0255,0
test_0256,0
test_0257,0
test_0258,0
test_0259,0
test_0260,0
test_0261,0
test_0262,0
test_0263,0
test_0264,0
test_0265,0
test_0266,0
test_0267,0
test_0268,0
test_0269,0
test_0270,0
test_0271,0
test_0272,0
test_0273,0
test_0274,0
test_0275,0
test_0276,0
test_0277,0
test_0278,0
test_0279,0
test_0280,0
test_0281,0
test_0282,0
test_0283,0
test_0284,0
test_0285,0
test_0286,0
test_0287,0
test_0288,0
test_0289,0
test_0290,0
test_0291,0
test_0292,0
test_0293,0
test_0294,0
test_0295,0
test_0296,0
test_0297,0
test_0298,0
test_0299,0
test_0300,0
test_0301,0
test_0302,0
test_0303,0
test_0304,0
test_0305,0
test_0306,0
test_0307,0
test_0308,0
test_0309,0
test_0310,0
test_0311,0
test_0312,0
test_0313,0
test_0314,0
test_0315,0
test_0316,0
test_0317,0
test_0318,0
test_0319,0
test_0320,0
test_0321,0
test_0322,0
test_0323,0
test_0324,0
test_0325,0
test_0326,0
test_0327,0
test_0328,0
test_0329,0
test_0330,0
test_0331,0
test_0332,0
test_0333,0
test_0334,0
test_0335,0
test_0336,0
test_0337,0
test_0338,0
test_0339,0
test_0340,0
test_0341,0
test_0342,0
test_0343,0
test_0344,0
test_0345,0
test_0346,0
test_0347,0
test_0348,0
test_0349,0
test_0350,0
test_0351,0
test_0352,0
test_0353,0
test_0354,0
test_0355,0
test_0356,0
test_0357,0
test_0358,0
test_0359,0
test_0360,0
test_0361,0
test_0362,0
test_0363,0
test_0364,0
test_0365,0
test_0366,0
test_0367,0
test_0368,0
test_0369,0
test_0370,0
test_0371,0
test_0372,0
test_0373,0
test_0374,0
test_0375,0
test_0376,0
test_0377,0
test_0378,0
test_0379,0
test_0380,0
test_0381,0
test_0382,0
test_0383,0
test_0384,0
test_0385,0
test_0386,0
test_0387,0
test_0388,0
test_0389,0
test_0390,0
test_0391,0
test_0392,0
test_0393,0
test_0394,0
test_0395,0
test_0396,0
test_0397,0
test_0398,0
test_0399,0
test_0400,0
test_0401,0
test_0402,0
test_0403,0
test_0404,0
test_0405,0
test_0406,0
test_0407,0
test_0408,0
test_0409,0
test_0410,0
test_0411,0
test_0412,0
test_0413,0
test_0414,0
test_0415,0
test_0416,0
test_0417,0
test_0418,0
test_0419,0
test_0420,0
test_0421,0
test_0422,0
test_0423,0
test_0424,0
test_0425,0
test_0426,0
test_0427,0
test_0428,0
test_0429,0
test_0430,0
test_0431,0
test_0432,0
test_0433,0
test_0434,0
test_0435,0
test_0436,0
test_0437,0
test_0438,0
test_0439,0
test_0440,0
test_0441,0
test_0442,0
test_0443,0
test_0444,0
test_0445,0
test_0446,0
test_0447,0
test_0448,0
test_0449,0
test_0450,0
test_0451,0
test_0452,0
test_0453,0
test_0454,0
test_0455,0
test_0456,0
test_0457,0
test_0458,0
test_0459,0
test_0460,0
test_0461,0
test_0462,0
test_0463,0
test_0464,0
test_0465,0
test_0466,0
test_0467,0
test_0468,0
test_0469,0
test_0470,0
test_0471,0
test_0472,0
test_0473,0
test_0474,0
test_0475,0
test_0476,0
test_0477,0
test_0478,0
test_0479,0
test_0480,0
test_0481,0
test_0482,0
test_0483,0
test_0484,0
test_0485,0
test_0486,0
test_0487,0
test_0488,0
test_0489,0
test_0490,0
test_0491,0
test_0492,0
test_0493,0
test_0494,0
test_0495,0
test_0496,0
test_0497,0
test_0498,0
test_0499,0
test_0500,0
test_0501,0
test_0502,0
test_0503,0
test_0504,0
test_0505,0
test_0506,0
test_0507,0
test_0508,0
test_0509,0
test_0510,0
test_0511,0
test_0512,0
test_0513,0
test_0514,0
test_0515,0
test_0516,0
test_0517,0
test_0518,0
test_0519,0
test_0520,0
test_0521,0
test_0522,0
test_0523,0
test_0524,0
test_0525,0
test_0526,0
test_0527,0
test_0528,0
test_0529,0
test_0530,0
test_0531,0
test_0532,0
test_0533,0
test_0534,0
test_0535,0
test_0536,0
test_0537,0
test_0538,0
test_0539,0
test_0540,0
test_0541,0
test_0542,0
test_0543,0
test_0544,0
test_0545,0
test_0546,0
test_0547,0
test_0548,0
test_0549,0
test_0550,0
test_0551,0
test_0552,0
test_0553,0
test_0554,0
test_0555,0
test_0556,0
test_0557,0
test_0558,0
test_0559,0
test_0560,0
test_0561,0
test_0562,0
test_0563,0
test_0564,0
test_0565,0
test_0566,0
test_0567,0
test_0568,0
test_0569,0
test_0570,0
test_0571,0
test_0572,0
test_0573,0
test_0574,0
test_0575,0
test_0576,0
test_0577,0
test_0578,0
test_0579,0
test_0580,0
test_0581,0
test_0582,0
test_0583,0
test_0584,0
test_0585,0
test_0586,0
test_0587,0
test_0588,0
test_0589,0
test_0590,0
test_0591,0
test_0592,0
test_0593,0
test_0594,0
test_0595,0
test_0596,0
test_0597,0
test_0598,0
test_0599,0
test_0600,0
test_0601,0
test_0602,0
test_0603,0
test_0604,0
test_0605,0
test_0606,0
test_0607,0
test_0608,0
test_0609,0
test_0610,0
test_0611,0
test_0612,0
test_0613,0
test_0614,0
test_0615,0
test_0616,0
test_0617,0
test_0618,0
test_0619,0
test_0620,0
test_0621,0
test_0622,0
test_0623,0
test_0624,0
test_0625,0
test_0626,0
test_0627,0
test_0628,0
test_0629,0
test_0630,0
test_0631,0
test_0632,0
test_0633,0
test_0634,0
test_0635,0
test_0636,0
test_0637,0
test_0638,0
test_0639,0
test_0640,0
test_0641,0
test_0642,0
test_0643,0
test_0644,0
test_0645,0
test_0646,0
test_0647,0
test_0648,0
test_0649,0
test_0650,0
test_0651,0
test_0652,0
test_0653,0
test_0654,0
test_0655,0
test_0656,0
test_0657,0
test_0658,0
test_0659,0
test_0660,0
test_0661,0
test_0662,0
test_0663,0
test_0664,0
test_0665,0
test_0666,0
test_0667,0
test_0668,0
test_0669,0
test_0670,0
test_0671,0
test_0672,0
test_0673,0
test_0674,0
test_0675,0
test_0676,0
test_0677,0
test_0678,0
test_0679,0
test_0680,0
test_0681,0
test_0682,0
test_0683,0
test_0684,0
test_0685,0
test_0686,0
test_0687,0
test_0688,0
test_0689,0
test_0690,0
test_0691,0
test_0692,0
test_0693,0
test_0694,0
test_0695,0
test_0696,0
test_0697,0
test_0698,0
test_0699,0
test_0700,0
test_0701,0
test_0702,0
test_0703,0
test_0704,0
test_0705,0
test_0706,0
test_0707,0
test_0708,0
test_0709,0
test_0710,0
test_0711,0
test_0712,0
test_0713,0
test_0714,0
test_0715,0
test_0716,0
test_0717,0
test_0718,0
test_0719,0
test_0720,0
test_0721,0
test_0722,0
test_0723,0
test_0724,0
test_0725,0
test_0726,0
test_0727,0
test_0728,0
test_0729,0
test_0730,0
test_0731,0
test_0732,0
test_0733,0
test_0734,0
test_0735,0
test_0736,0
test_0737,0
test_0738,0
test_0739,0
test_0740,0
test_0741,0
test_0742,0
test_0743,0
test_0744,0
test_0745,0
test_0746,0
test_0747,0
test_0748,0
test_0749,0
test_0750,0
test_0751,0
test_0752,0
test_0753,0
test_0754,0
test_0755,0
test_0756,0
test_0757,0
test_0758,0
test_0759,0
test_0760,0
test_0761,0
test_0762,0
test_0763,0
test_0764,0
test_0765,0
test_0766,0
test_0767,0
test_0768,0
test_0769,0
test_0770,0
test_0771,0
test_0772,0
test_0773,0
test_0774,0
test_0775,0
test_0776,0
test_0777,0
test_0778,0
test_0779,0
test_0780,0
test_0781,0
test_0782,0
test_0783,0
test_0784,0
test_0785,0
test_0786,0
test_0787,0
test_0788,0
test_0789,0
test_0790,0
test_0791,0
test_0792,0
test_0793,0
test_0794,0
test_0795,0
test_0796,0
test_0797,0
test_0798,0
test_0799,0
test_0800,0
test_0801,0
test_0802,0
test_0803,0
test_0804,0
test_0805,0
test_0806,0
test_0807,0
test_0808,0
test_0809,0
test_0810,0
test_0811,0
test_0812,0
test_0813,0
test_0814,0
test_0815,0
test_0816,0
test_0817,0
test_0818,0
test_0819,0
test_0820,0
test_0821,0
test_0822,0
test_0823,0
test_0824,0
test_0825,0
test_0826,0
test_0827,0
test_0828,0
test_0829,0
test_0830,0
test_0831,0
test_0832,0
test_0833,0
test_0834,0
test_0835,0
test_0836,0
test_0837,0
test_0838,0
test_0839,0
test_0840,0
test_0841,0
test_0842,0
test_0843,0
test_0844,0
test_0845,0
test_0846,0
test_0847,0
test_0848,0
test_0849,0
test_0850,0
test_0851,0
test_0852,0
test_0853,0
test_0854,0
test_0855,0
test_0856,0
test_0857,0
test_0858,0
test_0859,0
test_0860,0
test_0861,0
test_0862,0
test_0863,0
test_0864,0
test_0865,0
test_0866,0
test_0867,0
test_0868,0
test_0869,0
test_0870,0
test_0871,0
test_0872,0
test_0873,0
test_0874,0
test_0875,0
test_0876,0
test_0877,0
test_0878,0
test_0879,0
test_0880,0
test_0881,0
test_0882,0
test_0883,0
test_0884,0
test_0885,0
test_0886,0
test_0887,0
test_0888,0
test_0889,0
test_0890,0
test_0891,0
test_0892,0
test_0893,0
test_0894,0
test_0895,0
test_0896,0
test_0897,0
test_0898,0
test_0899,0
test_0900,0
test_0901,0
test_0902,0
test_0903,0
test_0904,0
test_0905,0
test_0906,0
test_0907,0
test_0908,0
test_0909,0
test_0910,0
test_0911,0
test_0912,0
test_0913,0
test_0914,0
test_0915,0
test_0916,0
test_0917,0
test_0918,0
test_0919,0
test_0920,0
test_0921,0
test_0922,0
test_0923,0
test_0924,0
test_0925,0
test_0926,0
test_0927,0
test_0928,0
test_0929,0
test_0930,0
test_0931,0
test_0932,0
test_0933,0
test_0934,0
test_0935,0
test_0936,0
test_0937,0
test_0938,0
test_0939,0
test_0940,0
test_0941,0
test_0942,0
test_0943,0
test_0944,0
test_0945,0
test_0946,0
test_0947,0
test_0948,0
test_0949,0
test_0950,0
test_0951,0
test_0952,0
test_0953,0
test_0954,0
test_0955,0
test_0956,0
test_0957,0
test_0958,0
test_0959,0
test_0960,0
test_0961,0
test_0962,0
test_0963,0
test_0964,0
test_0965,0
test_0966,0
test_0967,0
test_0968,0
test_0969,0
test_0970,0
test_0971,0
test_0972,0
test_0973,0
test_0974,0
test_0975,0
test_0976,0
test_0977,0
test_0978,0
test_0979,0
test_0980,0
test_0981,0
test_0982,0
test_0983,0
test_0984,0
test_0985,0
test_0986,0
test_0987,0
test_0988,0
test_0989,0
test_0990,0
test_0991,0
test_0992,0
test_0993,0
test_0994,0
test_0995,0
test_0996,0
test_0997,0
test_0998,0
test_0999,0
test_1000,0
test_1001,0
test_1002,0
test_1003,0
test_1004,0
test_1005,0
test_1006,0
test_1007,0
test_1008,0
test_1009,0
test_1010,0
test_1011,0
test_1012,0
test_1013,0
test_1014,0
test_1015,0
test_1016,0
test_1017,0
test_1018,0
test_1019,0
test_1020,0
test_1021,0
test_1022,0
test_1023,0
test_1024,0
test_1025,0
test_1026,0
test_1027,0
test_1028,0
test_1029,0
test_1030,0
test_1031,0
test_1032,0
test_1033,0
test_1034,0
test_1035,0
test_1036,0
test_1037,0
test_1038,0
test_1039,0
test_1040,0
test_1041,0
test_1042,0
test_1043,0
test_1044,0
test_1045,0
test_1046,0
test_1047,0
test_1048,0
test_1049,0
test_1050,0
test_1051,0
test_1052,0
test_1053,0
test_1054,0
test_1055,0
test_1056,0
test_1057,0
test_1058,0
test_1059,0
test_1060,0
test_1061,0
test_1062,0
test_1063,0
test_1064,0
test_1065,0
test_1066,0
test_1067,0
test_1068,0
test_1069,0
test_1070,0
test_1071,0
test_1072,0
test_1073,0
test_1074,0
test_1075,0
test_1076,0
test_1077,0
test_1078,0
test_1079,0
test_1080,0
test_1081,0
test_1082,0
test_1083,0
test_1084,0
test_1085,0
test_1086,0
test_1087,0
test_1088,0
test_1089,0
test_1090,0
test_1091,0
test_1092,0
test_1093,0
test_1094,0
test_1095,0
test_1096,0
test_1097,0
test_1098,0
test_1099,0
test_1100,0
test_1101,0
test_1102,0
test_1103,0
test_1104,0
test_1105,0
test_1106,0
test_1107,0
test_1108,0
test_1109,0
test_1110,0
test_1111,0
test_1112,0
test_1113,0
test_1114,0
test_1115,0
test_1116,0
test_1117,0
test_1118,0
test_1119,0
test_1120,0
test_1121,0
test_1122,0
test_1123,0
test_1124,0
test_1125,0
test_1126,0
test_1127,0
test_1128,0
test_1129,0
test_1130,0
test_1131,0
test_1132,0
test_1133,0
test_1134,0
test_1135,0
test_1136,0
test_1137,0
test_1138,0
test_1139,0
test_1140,0
test_1141,0
test_1142,0
test_1143,0
test_1144,0
test_1145,0
test_1146,0
test_1147,0
test_1148,0
test_1149,0
test_1150,0
test_1151,0
test_1152,0
test_1153,0
test_1154,0
test_1155,0
test_1156,0
test_1157,0
test_1158,0
test_1159,0
test_1160,0
test_1161,0
test_1162,0
test_1163,0
test_1164,0
test_1165,0
test_1166,0
test_1167,0
test_1168,0
test_1169,0
test_1170,0
test_1171,0
test_1172,0
test_1173,0
test_1174,0
test_1175,0
test_1176,0
test_1177,0
test_1178,0
test_1179,0
test_1180,0
test_1181,0
test_1182,0
test_1183,0
test_1184,0
test_1185,0
test_1186,0
test_1187,0
test_1188,0
test_1189,0
test_1190,0
test_1191,0
test_1192,0
test_1193,0
test_1194,0
test_1195,0
test_1196,0
test_1197,0
test_1198,0
test_1199,0
test_1200,0
test_1201,0
test_1202,0
test_1203,0
test_1204,0
test_1205,0
test_1206,0
test_1207,0
test_1208,0
test_1209,0
test_1210,0
test_1211,0
test_1212,0
test_1213,0
test_1214,0
test_1215,0
test_1216,0
test_1217,0
test_1218,0
test_1219,0
test_1220,0
test_1221,0
test_1222,0
test_1223,0
test_1224,0
test_1225,0
test_1226,0
test_1227,0
test_1228,0
test_1229,0
test_1230,0
test_1231,0
test_1232,0
test_1233,0
test_1234,0
test_1235,0
test_1236,0
test_1237,0
test_1238,0
test_1239,0
test_1240,0
test_1241,0
test_1242,0
test_1243,0
test_1244,0
test_1245,0
test_1246,0
test_1247,0
test_1248,0
test_1249,0
test_1250,0
test_1251,0
test_1252,0
test_1253,0
test_1254,0
test_1255,0
test_1256,0
test_1257,0
test_1258,0
test_1259,0
test_1260,0
test_1261,0
test_1262,0
test_1263,0
test_1264,0
test_1265,0
test_1266,0
test_1267,0
test_1268,0
test_1269,0
test_1270,0
test_1271,0
test_1272,0
test_1273,0
test_1274,0
test_1275,0
test_1276,0
test_1277,0
test_1278,0
test_1279,0
test_1280,0
test_1281,0
test_1282,0
test_1283,0
test_1284,0
test_1285,0
test_1286,0
test_1287,0
test_1288,0
test_1289,0
test_1290,0
test_1291,0
test_1292,0
test_1293,0
test_1294,0
test_1295,0
test_1296,0
test_1297,0
test_1298,0
test_1299,0
test_1300,0
test_1301,0
test_1302,0
test_1303,0
test_1304,0
test_1305,0
test_1306,0
test_1307,0
test_1308,0
test_1309,0
test_1310,0
test_1311,0
test_1312,0
test_1313,0
test_1314,0
test_1315,0
test_1316,0
test_1317,0
test_1318,0
test_1319,0
test_1320,0
test_1321,0
test_1322,0
test_1323,0
test_1324,0
test_1325,0
test_1326,0
test_1327,0
test_1328,0
test_1329,0
test_1330,0
test_1331,0
test_1332,0
test_1333,0
test_1334,0
test_1335,0
test_1336,0
test_1337,0
test_1338,0
test_1339,0
test_1340,0
test_1341,0
test_1342,0
test_1343,0
test_1344,0
test_1345,0
test_1346,0
test_1347,0
test_1348,0
test_1349,0
test_1350,0
test_1351,0
test_1352,0
test_1353,0
test_1354,0
test_1355,0
test_1356,0
test_1357,0
test_1358,0
test_1359,0
test_1360,0
test_1361,0
test_1362,0
test_1363,0
test_1364,0
test_1365,0
test_1366,0
test_1367,0
test_1368,0
test_1369,0
test_1370,0
test_1371,0
test_1372,0
test_1373,0
test_1374,0
test_1375,0
test_1376,0
test_1377,0
test_1378,0
test_1379,0
test_1380,0
test_1381,0
test_1382,0
test_1383,0
test_1384,0
test_1385,0
test_1386,0
test_1387,0
test_1388,0
test_1389,0
test_1390,0
test_1391,0
test_1392,0
test_1393,0
test_1394,0
test_1395,0
test_1396,0
test_1397,0
test_1398,0
test_1399,0
test_1400,0
test_1401,0
test_1402,0
test_1403,0
test_1404,0
test_1405,0
test_1406,0
test_1407,0
test_1408,0
test_1409,0
test_1410,0
test_1411,0
test_1412,0
test_1413,0
test_1414,0
test_1415,0
test_1416,0
test_1417,0
test_1418,0
test_1419,0
test_1420,0
test_1421,0
test_1422,0
test_1423,0
test_1424,0
test_1425,0
test_1426,0
test_1427,0
test_1428,0
test_1429,0
test_1430,0
test_1431,0
test_1432,0
test_1433,0
test_1434,0
test_1435,0
test_1436,0
test_1437,0
test_1438,0
test_1439,0
test_1440,0
test_1441,0
test_1442,0
test_1443,0
test_1444,0
test_1445,0
test_1446,0
test_1447,0
test_1448,0
test_1449,0
test_1450,0
test_1451,0
test_1452,0
test_1453,0
test_1454,0
test_1455,0
test_1456,0
test_1457,0
test_1458,0
test_1459,0
test_1460,0
test_1461,0
test_1462,0
test_1463,0
test_1464,0
test_1465,0
test_1466,0
test_1467,0
test_1468,0
test_1469,0
test_1470,0
test_1471,0
test_1472,0
test_1473,0
test_1474,0
test_1475,0
test_1476,0
test_1477,0
test_1478,0
test_1479,0
test_1480,0
test_1481,0
test_1482,0
test_1483,0
test_1484,0
test_1485,0
test_1486,0
test_1487,0
test_1488,0
test_1489,0
test_1490,0
test_1491,0
test_1492,0
test_1493,0
test_1494,0
test_1495,0
test_1496,0
test_1497,0
test_1498,0
test_1499,0
test_1500,0
test_1501,0
test_1502,0
test_1503,0
test_1504,0
test_1505,0
test_1506,0
test_1507,0
test_1508,0
test_1509,0
test_1510,0
test_1511,0
test_1512,0
test_1513,0
test_1514,0
test_1515,0
test_1516,0
test_1517,0
test_1518,0
test_1519,0
test_1520,0
test_1521,0
test_1522,0
test_1523,0
test_1524,0
test_1525,0
test_1526,0
test_1527,0
test_1528,0
test_1529,0
test_1530,0
test_1531,0
test_1532,0
test_1533,0
test_1534,0
test_1535,0
test_1536,0
test_1537,0
test_1538,0
test_1539,0
test_1540,0
test_1541,0
test_1542,0
test_1543,0
test_1544,0
test_1545,0
test_1546,0
test_1547,0
test_1548,0
test_1549,0
test_1550,0
test_1551,0
test_1552,0
test_1553,0
test_1554,0
test_1555,0
test_1556,0
test_1557,0
test_1558,0
test_1559,0
test_1560,0
test_1561,0
test_1562,0
test_1563,0
test_1564,0
test_1565,0
test_1566,0
test_1567,0
test_1568,0
test_1569,0
test_1570,0
test_1571,0
test_1572,0
test_1573,0
test_1574,0
test_1575,0
test_1576,0
test_1577,0
test_1578,0
test_1579,0
test_1580,0
test_1581,0
test_1582,0
test_1583,0
test_1584,0
test_1585,0
test_1586,0
test_1587,0
test_1588,0
test_1589,0
test_1590,0
test_1591,0
test_1592,0
test_1593,0
test_1594,0
test_1595,0
test_1596,0
test_1597,0
test_1598,0
test_1599,0
test_1600,0
test_1601,0
test_1602,0
test_1603,0
test_1604,0
test_1605,0
test_1606,0
test_1607,0
test_1608,0
test_1609,0
test_1610,0
test_1611,0
test_1612,0
test_1613,0
test_1614,0
test_1615,0
test_1616,0
test_1617,0
test_1618,0
test_1619,0
test_1620,0
test_1621,0
test_1622,0
test_1623,0
test_1624,0
test_1625,0
test_1626,0
test_1627,0
test_1628,0
test_1629,0
test_1630,0
test_1631,0
test_1632,0
test_1633,0
test_1634,0
test_1635,0
test_1636,0
test_1637,0
test_1638,0
test_1639,0
test_1640,0
test_1641,0
test_1642,0
test_1643,0
test_1644,0
test_1645,0
test_1646,0
test_1647,0
test_1648,0
test_1649,0
test_1650,0
test_1651,0
test_1652,0
test_1653,0
test_1654,0
test_1655,0
test_1656,0
test_1657,0
test_1658,0
test_1659,0
test_1660,0
test_1661,0
test_1662,0
test_1663,0
test_1664,0
test_1665,0
test_1666,0
test_1667,0
test_1668,0
test_1669,0
test_1670,0
test_1671,0
test_1672,0
test_1673,0
test_1674,0
test_1675,0
test_1676,0
test_1677,0
test_1678,0
test_1679,0
test_1680,0
test_1681,0
test_1682,0
test_1683,0
test_1684,0
test_1685,0
test_1686,0
test_1687,0
test_1688,0
test_1689,0
test_1690,0
test_1691,0
test_1692,0
test_1693,0
test_1694,0
test_1695,0
test_1696,0
test_1697,0
test_1698,0
test_1699,0
test_1700,0
test_1701,0
test_1702,0
test_1703,0
test_1704,0
test_1705,0
test_1706,0
test_1707,0
test_1708,0
test_1709,0
test_1710,0
test_1711,0
test_1712,0
test_1713,0
test_1714,0
test_1715,0
test_1716,0
test_1717,0
test_1718,0
test_1719,0
test_1720,0
test_1721,0
test_1722,0
test_1723,0
test_1724,0
test_1725,0
test_1726,0
test_1727,0
test_1728,0
test_1729,0
test_1730,0
test_1731,0
test_1732,0
test_1733,0
test_1734,0
test_1735,0
test_1736,0
test_1737,0
test_1738,0
test_1739,0
test_1740,0
test_1741,0
test_1742,0
test_1743,0
test_1744,0
test_1745,0
test_1746,0
test_1747,0
test_1748,0
test_1749,0
test_1750,0
test_1751,0
test_1752,0
test_1753,0
test_1754,0
test_1755,0
test_1756,0
test_1757,0
test_1758,0
test_1759,0
test_1760,0
test_1761,0
test_1762,0
test_1763,0
test_1764,0
test_1765,0
test_1766,0
test_1767,0
test_1768,0
test_1769,0
test_1770,0
test_1771,0
test_1772,0
test_1773,0
test_1774,0
test_1775,0
test_1776,0
test_1777,0
test_1778,0
test_1779,0
test_1780,0
test_1781,0
test_1782,0
test_1783,0
test_1784,0
test_1785,0
test_1786,0
test_1787,0
test_1788,0
test_1789,0
test_1790,0
test_1791,0
test_1792,0
test_1793,0
test_1794,0
test_1795,0
test_1796,0
test_1797,0
test_1798,0
test_1799,0
test_1800,0
test_1801,0
test_1802,0
test_1803,0
test_1804,0
test_1805,0
test_1806,0
test_1807,0
test_1808,0
test_1809,0
test_1810,0
test_1811,0
test_1812,0
test_1813,0
test_1814,0
test_1815,0
test_1816,0
test_1817,0
test_1818,0
test_1819,0
test_1820,0
test_1821,0
test_1822,0
test_1823,0
test_1824,0
test_1825,0
test_1826,0
test_1827,0
test_1828,0
test_1829,0
test_1830,0
test_1831,0
test_1832,0
test_1833,0
test_1834,0
test_1835,0
test_1836,0
test_1837,0
test_1838,0
test_1839,0
test_1840,0
test_1841,0
test_1842,0
test_1843,0
test_1844,0
test_1845,0
test_1846,0
test_1847,0
test_1848,0
test_1849,0
test_1850,0
test_1851,0
test_1852,0
test_1853,0
test_1854,0
test_1855,0
test_1856,0
test_1857,0
test_1858,0
test_1859,0
test_1860,0
test_1861,0
test_1862,0
test_1863,0
test_1864,0
test_1865,0
test_1866,0
test_1867,0
test_1868,0
test_1869,0
test_1870,0
test_1871,0
test_1872,0
test_1873,0
test_1874,0
test_1875,0
test_1876,0
test_1877,0
test_1878,0
test_1879,0
test_1880,0
test_1881,0
test_1882,0
test_1883,0
test_1884,0
test_1885,0
test_1886,0
test_1887,0
test_1888,0
test_1889,0
test_1890,0
test_1891,0
test_1892,0
test_1893,0
test_1894,0
test_1895,0
test_1896,0
test_1897,0
test_1898,0
test_1899,0
test_1900,0
test_1901,0
test_1902,0
test_1903,0
test_1904,0
test_1905,0
test_1906,0
test_1907,0
test_1908,0
test_1909,0
test_1910,0
test_1911,0
test_1912,0
test_1913,0
test_1914,0
test_1915,0
test_1916,0
test_1917,0
test_1918,0
test_1919,0
test_1920,0
test_1921,0
test_1922,0
test_1923,0
test_1924,0
test_1925,0
test_1926,0
test_1927,0
test_1928,0
test_1929,0
test_1930,0
test_1931,0
test_1932,0
test_1933,0
test_1934,0
test_1935,0
test_1936,0
test_1937,0
test_1938,0
test_1939,0
test_1940,0
test_1941,0
test_1942,0
test_1943,0
test_1944,0
test_1945,0
test_1946,0
test_1947,0
test_1948,0
test_1949,0
test_1950,0
test_1951,0
test_1952,0
test_1953,0
test_1954,0
test_1955,0
test_1956,0
test_1957,0
test_1958,0
test_1959,0
test_1960,0
test_1961,0
test_1962,0
test_1963,0
test_1964,0
test_1965,0
test_1966,0
test_1967,0
test_1968,0
test_1969,0
test_1970,0
test_1971,0
test_1972,0
test_1973,0
test_1974,0
test_1975,0
test_1976,0
test_1977,0
test_1978,0
test_1979,0
test_1980,0
test_1981,0
test_1982,0
test_1983,0
test_1984,0
test_1985,0
test_1986,0
test_1987,0
test_1988,0
test_1989,0
test_1990,0
test_1991,0
test_1992,0
test_1993,0
test_1994,0
test_1995,0
test_1996,0
test_1997,0
test_1998,0
test_1999,0
test_2000,0
